﻿Name,Days Until Due,From,Stage,Status,To
Set up waitlist,-1738,"October 15, 2020",Final Polish (Final%20Polish%2016c440e2284c8195b135f1926510af91.md),Complete,"October 17, 2020"
Create landing page,-1738,"October 15, 2020",Final Polish (Final%20Polish%2016c440e2284c8195b135f1926510af91.md),Complete,"October 17, 2020"
Create media kit,-1734,"October 20, 2020",Final Polish (Final%20Polish%2016c440e2284c8195b135f1926510af91.md),Complete,"October 21, 2020"
Paid marketing campaign,-1719,"October 22, 2020",Final Polish (Final%20Polish%2016c440e2284c8195b135f1926510af91.md),Complete,"November 5, 2020"
Write a press release for the app,-1718,"November 5, 2020",Final Polish (Final%20Polish%2016c440e2284c8195b135f1926510af91.md),Complete,"November 6, 2020"
Research App Store optimisation,-1714,"November 7, 2020",Final Polish (Final%20Polish%2016c440e2284c8195b135f1926510af91.md),Complete,"November 10, 2020"
Email pre-launch list,-1711,"November 11, 2020",Final Polish (Final%20Polish%2016c440e2284c8195b135f1926510af91.md),Complete,"November 13, 2020"
Market the app in other communities,-1705,"November 14, 2020",Final Polish (Final%20Polish%2016c440e2284c8195b135f1926510af91.md),Complete,"November 19, 2020"